Timestamp,AW_accelX,AW_accelY,AW_accelZ,Vicon_accelX,Vicon_accelY,Vicon_accelZ
1731423356.5895,-0.0106517672538757,0.0003788471221923,0.0222316384315491,-0.6784362226955847,0.3822954971672897,-0.43351073596479056
1731423356.71084,-0.0271079987287521,-0.0461586713790894,-0.0601416230201721,-0.7391113545402248,0.582636648153245,-0.20761819056543773
1731423356.72869,0.0039494186639785,0.0401055812835693,-0.0088429152965545,-0.8281624501560095,0.5317608569613259,-0.3868621514070103
1731423356.77329,0.0131183862686157,0.0307056903839111,-0.000501811504364,-0.822791709541017,0.5130438172817613,-0.3289817739819575
1731423356.78498,0.0286867171525955,0.036804735660553,-0.0007320046424865,-0.8939430646192728,0.5325319640633418,-0.26823241818595867
1731423356.78678,0.0189446955919266,0.009107232093811,-0.0194305777549744,-0.7963001091071177,0.5305710245513473,-0.1843127083754714
1731423356.83006,0.0351931601762772,-0.0037834644317627,-0.0070082545280456,-0.843321526025807,0.5010282939600423,-0.31211271029109516
1731423356.88937,0.021011620759964,-0.0332536101341248,-0.0002119541168212,-0.7105595910353277,0.48429589738364276,-0.34881596854860714
1731423356.9509,0.0494154244661331,0.0805695652961731,-0.0240927636623383,-0.7766190012389331,0.4062554756375058,-0.47555786594321287
1731423357.0714,0.0380896329879761,0.0070671439170837,0.0134163498878479,-0.7954695365214768,0.3850429937490215,-0.6683379529808317
1731423357.08863,0.0801331102848053,0.0850440859794617,0.031534731388092,-0.6803798744859963,0.31070301991278,-0.6305409469710186
1731423357.16044,0.0704337060451508,-0.0017449259757995,0.0843341648578644,-0.7131118622082919,0.2717159371804728,-0.773401024580258
1731423357.17697,0.0515176355838776,-0.0085955262184143,0.0698222517967224,-0.6475980522114868,0.2150596376424031,-0.7676691092371344
1731423357.25204,0.0363699793815613,-0.0865610241889954,0.0923214256763458,-0.6350722362352589,0.19375365935483044,-0.7993772834328121
1731423357.26727,-0.016149491071701,0.026921808719635,0.0524823367595673,-0.6509475302466247,0.17923718098995564,-0.7571703193886512
1731423357.30802,-0.0329664945602417,-0.0171291828155518,0.0540398061275482,-0.6112666671287409,0.14059046791008145,-0.812096139714648
1731423357.43164,-0.0321041643619537,-0.0594959259033203,0.0099264085292816,-0.5637220843432318,0.12476005776455747,-0.8584652992079089
1731423357.43825,-0.0451076924800873,-0.0292662382125854,0.0162906050682068,-0.5879981542196168,0.15371830403983844,-0.856335807946932
1731423357.52499,-0.0605053901672363,-0.0076789259910583,-0.0253224968910217,-0.6342450811671301,0.17544368843734912,-0.8381914469986025
1731423357.54168,-0.0677541494369507,0.0021145343780517,-0.0246549844741821,-0.6122249228262637,0.15746833568887894,-0.7993893116108297
1731423357.6134,-0.0692049860954285,0.0091372728347778,-0.0406537055969238,-0.605182541011021,0.13211985711327245,-0.8028028326264581
1731423357.61835,-0.0503515005111694,0.0120394229888916,-0.0128857493400574,-0.5939359159589666,0.14095314268122724,-0.8044981078610515
1731423357.69988,-0.030379056930542,0.0048475861549377,-0.0161309838294983,-0.6111657102128559,0.1358829885106822,-0.8154313097267576
1731423357.71656,-0.0087435841560363,-0.0393873453140259,0.0132358074188232,-0.5815594191026852,0.13260465736376054,-0.8097018224382768
1731423357.76374,-0.0031717270612716,0.0369716286659241,-0.0036494731903076,-0.6205001801689634,0.13170910947848363,-0.7926529408511502
1731423357.87949,0.0087149888277053,0.0184643268585205,0.0148636102676392,-0.6674354634609391,0.14468017849136555,-0.8060885531963342
1731423357.89687,0.0127652287483215,0.0427777171134949,-0.0174033641815186,-0.6755247822681745,0.16501998273717383,-0.7685220662384407
1731423357.97109,-0.0294740796089172,0.0296796560287476,-0.0141047835350037,-0.7159636113967859,0.15984879107332906,-0.6319769832288371
1731423357.98635,-0.0405338704586029,0.045556902885437,-0.0500879883766174,-0.8017922411395475,0.17084276332434617,-0.5726369416813598
1731423358.06133,-0.0809662789106369,0.0315228700637817,-0.0573577880859375,-0.8326072218033719,0.19717915882700568,-0.5369687384146404
1731423358.07756,-0.111511945724487,0.013585090637207,-0.0872083306312561,-0.7997856548393536,0.22871895185589713,-0.5158233087113876
1731423358.14985,-0.10143369436264,-0.0352286100387573,-0.0718531012535095,-0.8224031483202048,0.2588112850560827,-0.4345280523083097
1731423358.15511,-0.0393063724040985,0.0016000270843505,-0.108660995960236,-0.8527879880397158,0.28093572625282826,-0.46546999046550436
1731423358.21378,-0.0416123569011688,-0.0848900079727173,0.0106273293495178,-0.9020605757249073,0.2639900669264867,-0.44660499462731007
1731423358.33106,0.0043690204620361,-0.0278400778770447,-0.0599760413169861,-0.8467444527608258,0.24123538860522603,-0.4442312263036605
1731423358.3369,-0.0014761686325073,-0.136806845664978,0.0377991795539856,-0.8486190418840905,0.24513642518300088,-0.43464195973741987
1731423358.42559,0.0193755924701691,-0.112127006053925,0.0732004046440125,-0.8353339673483695,0.20982851369701697,-0.5157851654753027
1731423358.44132,0.0313690006732941,-0.0023001432418823,0.108161807060242,-0.8268069008126435,0.18267712869496566,-0.45612214971803455
1731423358.51065,0.0510362684726715,-0.0754200220108032,0.141402900218964,-0.9880676939109944,0.2008088564112094,-0.5030529077745252
1731423358.52602,0.0017918348312377,0.080383837223053,0.123446345329285,-0.9071616314617348,0.1860355858221535,-0.39841806439092514
1731423358.60045,0.0087811946868896,0.118679046630859,0.122657299041748,-0.911274415603019,0.1665471599479423,-0.40887856486613666
1731423358.61587,0.0225753784179688,0.191485404968262,0.0965278744697571,-0.9758551950006953,0.18220907698927952,-0.37746126337809927
1731423358.65922,0.0643278360366821,0.0888918042182922,0.038674533367157,-0.9048182141348524,0.17571056977488153,-0.3276244777444808
1731423358.74873,0.0527504980564117,0.0135865211486816,-0.0285849571228027,-0.9716163183247111,0.17809644423752719,-0.391680783347781
1731423358.75521,0.0432910621166229,-0.0173274874687195,-0.0398870706558228,-0.8960219391134878,0.17964118290684838,-0.33435141116671363
1731423358.81131,0.0072897225618362,0.0190876126289368,-0.0514296889305115,-0.9590130313181798,0.1847415315672025,-0.36446022157400676
1731423358.90232,0.0109989792108536,-0.0150081515312195,-0.0300634801387787,-0.9201378624763854,0.18069843705856392,-0.3457891363255349
1731423358.9194,0.0116647034883499,-0.0178844928741455,-0.00789076089859,-0.9318365500931997,0.1750146637183892,-0.34227889043749804
1731423358.99053,0.0236902385950089,-0.038442850112915,-0.0034844577312469,-0.9391488794734489,0.1811040450592348,-0.3548436768444382
1731423359.08162,0.0168449729681015,0.073401927947998,-0.0217370986938477,-0.9308608361066631,0.17702714119619947,-0.3705241901323427
1731423359.08767,0.0063988417387008,-0.0004902482032775,-0.081813633441925,-0.9186849545117497,0.16873371636703927,-0.3497544860685894
1731423359.17142,0.0016918629407882,-0.0028321743011474,-0.123224198818207,-0.954740938636966,0.1929680602391283,-0.3695188261320869
1731423359.18871,0.0448830127716064,0.046740710735321,-0.0732824802398682,-0.9305658446191218,0.17702537394635068,-0.38123206094434076
1731423359.26021,0.0607562214136124,-0.0652741193771362,0.0327166318893433,-0.9288868773329845,0.16930678200341454,-0.3854915462032922
1731423359.27608,0.0254164487123489,0.0307390689849854,-0.0577787160873413,-0.8879686051464641,0.16922661093044855,-0.3994014190674645
1731423359.34862,0.0353296399116516,0.0433006286621094,0.116837680339813,-0.9078887990962525,0.17546202105894407,-0.4183929933420222
1731423359.35367,-0.0238490402698517,0.104104936122894,0.0764831304550171,-0.8936070025727814,0.17230488590581744,-0.4136670724658426
1731423359.44225,-0.0078649371862411,0.0382047295570374,0.0767878890037537,-0.909557964475879,0.16407187367772652,-0.41186008678257857
1731423359.44735,-0.0059698671102523,0.046430766582489,0.0580663681030273,-0.9146257596842793,0.17783962488306185,-0.42067390787409326
1731423359.50289,-0.0047939866781234,-0.0001775324344635,0.0707967281341553,-0.9194301175817341,0.1711085909528453,-0.42479037514601076
1731423359.61955,-0.0191475749015808,-0.0251468122005463,0.033363938331604,-0.8873126363588517,0.1712555157090901,-0.3976675098053344
1731423359.63602,-0.0256905555725098,-0.008040577173233,0.0086414217948913,-0.9113045460545199,0.17745764458491203,-0.3853675303625307
1731423359.71069,-0.01319320499897,0.0427210927009583,0.0243960618972778,-0.9256018459978415,0.17222208966865696,-0.3989638415632588
1731423359.72721,-0.025594487786293,0.0257831215858459,0.0680465698242188,-0.9052274815983055,0.16710928936293895,-0.4095962083580036
1731423359.80234,0.0432300716638565,-0.053935706615448,-0.0210177898406982,-0.9176224188994266,0.17952144129026404,-0.3998917658483176
1731423359.81819,0.0191851854324341,-0.0661088824272156,0.0078439712524414,-0.9100189128199941,0.17340490894006394,-0.410179757813082
1731423359.89138,-0.0032842010259628,0.0559747219085693,-0.0680065751075745,-0.909291816056752,0.17547209534250532,-0.4032568134642296
1731423359.90746,0.0603350102901459,-0.0317410528659821,0.0460835695266724,-0.9120768982994207,0.1747594814520913,-0.38718741954658575
1731423359.94766,0.0568767488002777,0.0132602453231812,0.0195011496543884,-0.9195662478335369,0.1829353813064232,-0.39178082131793623
1731423360.04873,0.0039042830467224,0.0323426127433777,-0.0096071362495422,-0.9127290447904736,0.19015975942873448,-0.3967412733220097
1731423360.05355,0.0102563798427582,-0.092686653137207,0.0500231981277466,-0.9142482210866805,0.1781156788598884,-0.3954873443304767
1731423360.16124,-0.0244215130805969,0.103353917598724,0.0173019766807556,-0.9150979108826514,0.17806026030090008,-0.4033480285499193
1731423360.22487,-0.0627487748861313,-0.0701907873153687,0.0244032144546509,-0.9123424066559152,0.1842140286110482,-0.4032179124366648
1731423360.24296,-0.0482711046934128,0.0776748657226562,0.0218096971511841,-0.9124265437500899,0.184732403749851,-0.39018412476762865
1731423360.24536,-0.0410707592964172,-0.0163556337356567,0.0009834170341491,-0.9123413763468631,0.18342659644862236,-0.3855813054971296
1731423360.27747,-0.0385148376226425,0.0244099497795105,0.0384184122085571,-0.9154386451398705,0.18380663420201793,-0.3893010377359072
1731423360.34089,-0.0084065645933151,-0.0273309946060181,0.0524645447731018,-0.9168847385557729,0.18156526374747756,-0.3939048877095163
1731423360.40313,0.024083286523819,0.0034971237182617,0.116643846035004,-0.912646891223233,0.1729674380070439,-0.3857683961589315
1731423360.49381,0.0060814023017883,-0.0041805505752563,0.0077161788940429,-0.9180122263319224,0.1894523008913004,-0.3851327348068505
1731423360.50839,0.0048058032989502,-0.0365263819694519,0.0893938541412354,-0.9166466673276106,0.18035481881237247,-0.3942217424778936
1731423360.54986,0.0078410506248474,0.0909764766693115,0.0251427292823792,-0.9148684014401189,0.17762127406076908,-0.3887608415543837
1731423360.67003,0.0655311942100525,0.0706071257591248,-0.030497133731842,-0.9203433529266629,0.18371871063916426,-0.387020103465266
1731423360.68828,0.0495499819517136,-0.0363326668739319,0.0130914449691772,-0.9121987324406937,0.1779092392723157,-0.39643465246181464
1731423360.79072,0.0654412806034088,-0.0330653190612793,-0.0326796770095825,-0.9162928534682646,0.1751636226357264,-0.3855320167821566
1731423360.80913,0.0159005522727966,0.0805260539054871,-0.0763693451881409,-0.9217223481100987,0.18344236426584246,-0.3773474858216137
1731423360.88578,0.0233124345541,0.0522276163101196,-0.073762834072113,-0.9169554273972904,0.1752446533709762,-0.37872954599513037
1731423360.90186,0.0510630756616592,0.0238303542137146,-0.0252079963684082,-0.9203513782402095,0.17685912797827744,-0.3727773209139077
1731423360.90394,0.0518057346343994,-0.0031782388687133,0.0385370254516602,-0.9180666415313897,0.17836892792844147,-0.38416556481133035
1731423360.93789,0.0821304768323898,0.0559740662574768,0.0012637078762054,-0.9200701273307907,0.17586003581525536,-0.373689126364683
1731423361.02997,0.0564438998699188,0.0478907227516174,0.0279208719730377,-0.927891093338907,0.16969337561028575,-0.36919262237770306
1731423361.12075,0.0511419624090195,0.0280634760856628,0.004352867603302,-0.922356159709112,0.1729523751037666,-0.3731022457369095
1731423361.13894,-0.000366523861885,-0.0025442838668823,0.0089598596096038,-0.9311469104208032,0.16288730557664682,-0.3860585519957909
1731423361.20779,-0.0020390152931213,-0.0519354343414307,0.0279206037521362,-0.9316682108649931,0.16724544026261298,-0.38549939306208225
1731423361.2226,-0.0327772349119186,-0.0052400827407836,-0.0091184973716735,-0.9176736288068613,0.16145825393841784,-0.3885135994222866
1731423361.30265,-0.0814165025949478,-0.0268021821975708,-0.0224689245223999,-0.9231378670109004,0.16076673487740115,-0.3875047411527914
1731423361.31925,-0.0470238476991653,0.0097890496253967,-0.0392176508903503,-0.9236357306349159,0.1684730142674076,-0.37185156380782897
1731423361.42173,-0.0319584608078003,-0.0271954536437988,-0.0480868220329285,-0.9257800253453543,0.17434330644679205,-0.35006384543476804
1731423361.43956,-0.0380591452121735,-0.0530812740325928,-0.0246789455413818,-0.9130631109774952,0.16525942667388405,-0.353033991598605
1731423361.51234,-0.0291001051664352,0.0692957639694214,-0.0295730233192444,-0.9381645549521717,0.17219165682368026,-0.37458050768915213
1731423361.5285,0.0046876668930053,-0.0159813761711121,0.0045744180679321,-0.9267448931611327,0.1685003086693326,-0.3792396426225595
1731423361.59753,-0.0007772296667099,-0.0069578886032104,0.0320234298706055,-0.927659227726487,0.15796609930628866,-0.36440902473915493
1731423361.60234,0.0017424821853637,-0.0116302371025085,0.0391727685928345,-0.9357937055584842,0.17239894856816024,-0.34912258663784956
1731423361.66172,0.008239671587944,0.0055568814277648,0.0154891014099121,-0.9478017764073803,0.17461120706863908,-0.3190790159070572
1731423361.72305,0.0001688450574874,-0.0007928609848022,-0.0003904700279235,-0.9513819593369097,0.1764469104847733,-0.301472104156636
1731423361.78198,-0.0189665406942368,0.0061004161834716,-0.0239639282226562,-0.9563745441299326,0.18299619866191053,-0.2773132370326645
1731423361.8717,-0.0240852534770966,-0.0191242098808289,-0.0440267324447632,-0.9700780111594174,0.19070932017594872,-0.26899175869853265
1731423361.88583,-0.0387624502182007,-0.0195451378822327,-0.0874732732772827,-0.9604223495207154,0.19315673886386076,-0.26040119387097155
1731423361.96228,-0.0757700055837631,-0.0449425578117371,-0.112185299396515,-0.9480819742602663,0.16609344275216031,-0.28367644293719946
1731423361.98079,-0.0811323225498199,-0.097436785697937,-0.139971911907196,-0.9558349923862647,0.18030027353763148,-0.30004768102358004
1731423362.05041,-0.0755272656679153,-0.0760884284973145,-0.0215173363685608,-0.9634476079463984,0.1953259718864713,-0.29650460315708566
1731423362.05566,-0.0704461485147476,0.0060858726501464,-0.0485275983810425,-0.9382912072981408,0.1758169109147547,-0.29849501119871846
1731423362.14455,-0.0297009646892548,-0.0207276344299316,0.0020655989646911,-0.9561080754699758,0.18126912663533604,-0.29590289818330856
1731423362.22993,-0.0091550648212432,0.036698579788208,0.0658530592918396,-0.9490797955912921,0.1953504433929529,-0.2992977549025896
1731423362.24846,0.0197957158088684,0.0551958084106445,0.119876444339752,-0.9549300877351873,0.18581426006471788,-0.3006314233577706
1731423362.32028,0.0327955633401871,0.0989228487014771,0.0702512860298157,-0.9425884709409466,0.18261099219367125,-0.3023234098300206
1731423362.33668,0.0732210278511047,0.0950062870979309,0.041417121887207,-0.9526023810875665,0.18303798239909153,-0.2936551833013044
1731423362.40834,0.0677437037229538,0.09272700548172,0.0687012076377869,-0.9462713667751882,0.18750896718358073,-0.2883432867205506
1731423362.42328,0.0602912977337837,0.054609477519989,0.0444931983947754,-0.9478933779078282,0.18702617167958324,-0.2932827185949235
1731423362.50147,0.0794200748205185,0.0554310083389282,0.0310282707214355,-0.9496946017467232,0.18496584667810023,-0.2929663755625777
1731423362.51541,0.0628357902169228,0.0490044951438904,0.0409142971038818,-0.9501031654579565,0.18703016697767283,-0.299552938001161
1731423362.59312,0.0460565760731697,0.0256620645523071,0.0129436254501343,-0.9476701539546272,0.18928242105092066,-0.28971842788352575
1731423362.60972,0.0132928416132927,0.0284604430198669,0.0098103284835815,-0.9490395778039706,0.18666118968096293,-0.3017514219523538
1731423362.65046,0.0074691772460937,-0.0133020877838135,-0.0144162774085999,-0.957115459382323,0.1846370206846667,-0.30375519412968877
1731423362.74173,-0.0067439675331115,0.0160377025604248,0.0231077075004578,-0.9547705112142858,0.18622292486241537,-0.30012211554765184
1731423362.76088,-0.0033240020275116,0.0221848487854004,-0.0240392684936523,-0.951182687667578,0.18178044764201784,-0.2988747939503639
1731423362.80212,-0.0019821226596832,0.0025343894958496,-0.006906509399414,-0.9497512783103512,0.18321289378405442,-0.3040669039425058
1731423362.89109,0.003481850028038,0.111069858074188,0.0043960213661193,-0.9517853932060949,0.18402033553012206,-0.2946030022554769
1731423362.91034,0.0252235382795334,-0.033329039812088,0.0218642354011536,-0.9454570200098278,0.1763664319130161,-0.30170284349362597
1731423362.95384,0.0325821340084076,-0.0166483819484711,-0.0106871128082275,-0.9495678624561377,0.17656955281271103,-0.30417881249955764
1731423363.07156,0.0308453813195229,-0.131850272417068,-0.0305046439170837,-0.9485534760840292,0.17693782305337563,-0.30406335436458404
1731423363.08958,0.0630219280719757,-0.0320527851581573,-0.0754051208496094,-0.9412968100752281,0.17644035510896458,-0.2944901283345092
1731423363.1632,0.0038837864995002,0.0276713371276855,-0.0130800008773804,-0.9555055898558297,0.18418806339164004,-0.30509568821593847
1731423363.17933,0.032259114086628,0.0613274276256561,0.0366362929344177,-0.9485923932717708,0.17662978207880142,-0.301339114087546
1731423363.24714,0.0306974537670612,-0.0297641456127167,0.0549442768096924,-0.9528480563341742,0.17520756290669573,-0.3025310618836072
1731423363.26153,0.0022174641489982,0.04737389087677,-0.0203081369400024,-0.9504951371258988,0.17946086103365233,-0.29961295241147806
1731423363.30851,-0.0163878221064806,0.0007268786430358,0.0227820873260498,-0.9521112409523508,0.1681406328363019,-0.30877654778539565
1731423363.40725,-0.0249879248440266,0.0774702429771423,0.028861403465271,-0.9526234355706659,0.1779993772829615,-0.2897179037350022
1731423363.425,-0.0141760958358645,-0.0238498449325562,0.0640507340431213,-0.9554158532313752,0.1663120030686374,-0.2994195300492108
1731423363.45792,-0.0011883657425642,-0.0233468115329742,0.0683686137199402,-0.9441793442049249,0.16500994537483796,-0.2862589572541158
1731423363.55257,-0.0028831362724304,-0.0679527521133423,0.0297111868858337,-0.9614425008463044,0.1888265488191008,-0.26586610605416156
1731423363.56984,0.0030357241630554,-0.0203820765018463,0.0502840280532837,-0.9566714762974201,0.1902348385535503,-0.23214329964790378
1731423363.60813,-0.0389579832553864,0.0606536865234375,0.018369734287262,-0.9922815004960904,0.16756503475572027,-0.21777740900068346
1731423363.70125,0.0213717147707939,-0.0389753580093384,0.0685824155807495,-1.004733687856836,0.20053184805192248,-0.14038938808804347
1731423363.71848,0.0236539840698242,-0.0645405054092407,0.0973856449127197,-0.9867428141882361,0.17958928513700237,-0.13515271474724247
1731423363.79149,-0.0209259018301964,-0.0477699637413025,0.100798606872559,-0.9633838129161465,0.1773266334322277,-0.08869751562134695
1731423363.80878,0.0370247587561607,0.08526611328125,0.109692633152008,-0.985613020027536,0.17756722077617976,-0.10608202702885895
1731423363.84754,0.0471341386437416,0.0426916480064392,0.0659932196140289,-0.9959136919455119,0.18750900552355448,-0.09180102392477422
1731423363.9417,0.126450344920158,0.175126135349274,-0.0585657358169556,-0.9886132669823285,0.18396296767689585,-0.09794073578039773
1731423363.96003,0.0509522408246994,0.0601640343666077,-0.0843037366867065,-0.9846184499000395,0.19286590630156122,-0.09114357845515066
1731423364.05816,0.0338706225156784,0.194837152957916,-0.140761971473694,-0.9917161207814243,0.20369005515278732,-0.06359487989669571
1731423364.07665,-0.0034312307834625,0.100342810153961,-0.0814533829689026,-0.9930701480930335,0.1941420445641894,-0.06616488157160363
1731423364.14866,0.0001984238624572,0.0401452779769897,-0.0472896099090576,-0.9898598778501867,0.19572157657437056,-0.08416843779041724
1731423364.15384,-0.0147776454687119,0.0621904730796814,-0.0575711131095886,-0.9927782451821043,0.19554096826731243,-0.07968126316946095
1731423364.24047,-0.0047804564237594,0.0260451436042786,-0.0168865025043488,-0.991032842066847,0.20349815170536636,-0.0821238960343089
1731423364.25967,0.0197439044713974,0.0169874429702759,-0.0268259048461914,-0.9918014320995644,0.18692841809997277,-0.08881807301222068
1731423364.30185,0.0433485731482506,0.022511899471283,0.0082401931285858,-0.9793443288624316,0.17809774238076556,-0.0763495733611883
1731423364.39211,0.071160726249218,0.009347379207611,0.0437223315238953,-0.9921906596663264,0.2072910091700339,-0.06934401967737966
1731423364.41008,0.0739863514900208,0.041765570640564,0.0248284339904785,-0.9902524292253067,0.2002792630461758,-0.08593527916059562
1731423364.44792,0.0921249538660049,0.0351093411445618,0.0840612947940826,-0.991565858255523,0.19573898292831302,-0.08216739008738048
1731423364.54184,0.0725258588790894,0.0181999206542969,0.0400233864784241,-0.9853342118227351,0.19323273119409573,-0.0784917417406885
1731423364.5599,0.0638378113508224,-0.0609381794929504,0.0316740572452545,-0.9875258123265094,0.20051695910445536,-0.07612971225780713
1731423364.59895,0.0257824510335922,-0.0199304223060608,0.0333142280578613,-0.985565648397293,0.19475031797788775,-0.08007775022371495
1731423364.72047,-0.0054647773504257,-0.0708580613136292,-0.0321399569511414,-0.9891743310773967,0.20028482879788354,-0.07276390254259285
1731423364.73794,-0.0436128824949265,0.0794516205787659,0.0603492185473442,-0.9946597375777841,0.1983963167600924,-0.08978373616296152
1731423364.81167,-0.0309152752161026,-0.0876532196998596,0.0722952485084534,-0.9968132507018221,0.20214115041694145,-0.08081724021651406
1731423364.82858,-0.0579596608877182,0.0154147744178772,0.0025209188461303,-0.9895517967658175,0.20156242309747296,-0.08144266907455684
1731423364.90232,-0.0404258221387863,-0.0327258706092834,0.0109489560127258,-0.9876792305124386,0.2019207675539576,-0.07918302213098806
1731423364.91782,-0.0494735538959503,0.0411399602890015,-0.0321378260850906,-0.9899926963377166,0.19244865797566282,-0.07469707602178959
1731423364.99506,-0.0107327550649643,0.0132730007171631,0.0015794336795806,-0.9918480684413926,0.2083536279206712,-0.07034645037022973
1731423365.01199,-0.017566554248333,0.083299458026886,-0.0403261482715607,-0.9861048321352585,0.2050655656941029,-0.07817553208411275
1731423365.04885,0.0064214169979095,-0.002836525440216,0.0052516162395477,-0.985134271089173,0.20669341460250643,-0.046837708341528485
1731423365.14122,0.0140444561839104,0.0203377604484558,-0.0554838478565216,-0.9820045758693884,0.18758762310505914,-0.08877661585341592
1731423365.15842,0.0090836137533187,-0.0024839043617248,-0.0118141770362854,-0.9912545393061699,0.2057131223714619,-0.07421875894741656
1731423365.20168,0.0071081444621086,0.0180603861808777,-0.0046703517436981,-0.9888980637485566,0.19407678191578148,-0.08090225306580115
1731423365.29035,-0.0040998682379722,0.0154834985733032,-0.0175014436244965,-0.9975161174797043,0.2024175012697924,-0.0760322084169225
1731423365.30735,-0.0216779485344887,0.0172979831695557,-0.0365847945213318,-0.9903132754172003,0.19123544884901317,-0.06998938475880154
1731423365.35049,-0.0318525284528732,0.0204729437828064,-0.0483564436435699,-0.9997295243011951,0.1961769283342977,-0.08399407610968619
1731423365.44131,-0.0537653118371964,0.040008008480072,-0.0474328994750977,-0.9825408119537691,0.1996635728007698,-0.06715454654466824
1731423365.45897,-0.0674532502889633,0.0639982223510742,-0.0706555247306824,-0.9944555198345093,0.19381793475948392,-0.07869680824530893
1731423365.50444,-0.0486332923173904,-0.0158888697624207,-0.0394191145896912,-0.9902246449814206,0.21284048629512292,-0.0563140905920531
1731423365.59117,-0.0435836315155029,-0.0002558827400207,-0.043881356716156,-0.9922895507655053,0.1855374581943475,-0.09092502737725401
1731423365.60852,-0.002003863453865,0.0051853656768798,-0.0163238048553467,-0.9846669398288637,0.19739860869063997,-0.060844693120887985
1731423365.6472,0.0178914368152618,-0.023365318775177,0.0100915431976318,-0.9915959563967452,0.20226922683816606,-0.08068536766750417
1731423365.74166,0.039919376373291,-0.0002229213714599,0.0117535591125488,-0.9821811048631018,0.20151466009117944,-0.06845655830512261
1731423365.7585,0.0573175847530365,-0.0023770332336425,0.0653570890426636,-0.9944837624059729,0.19516065532199264,-0.07692639874006642
1731423365.80352,0.0560366213321686,-0.0023574829101562,0.0762903094291687,-0.9849277669771599,0.20596970233059186,-0.0759673635143569
1731423365.89013,0.0280093476176262,0.0485523343086243,0.0353376269340515,-0.9867449401510454,0.19916882837352548,-0.07931573867334923
1731423365.90683,0.0323886796832085,0.0801425576210022,0.111472845077515,-0.9880625972140807,0.19908281587206947,-0.07694977906488638
1731423366.01188,0.0264504551887512,0.0711505711078644,0.0556417107582092,-0.9907252326122343,0.2013031735744713,-0.06667142784840932
1731423366.10455,0.0475931167602539,0.0525969266891479,0.0534451007843018,-0.9887887861203752,0.199494788419066,-0.07776811443150142
1731423366.12034,0.0335342288017273,0.0099816024303436,0.0189937353134155,-0.9885825878796055,0.19757159402711863,-0.08269343116244235
1731423366.12298,0.0408926829695702,0.0702296197414398,0.0270732045173645,-0.9882928481322429,0.20539240787263027,-0.07232646212206269
1731423366.19061,0.0315802693367004,0.0355505645275116,0.0229021906852722,-0.9918841860759637,0.2024370241871288,-0.08423213964754289
1731423366.2046,0.0272442847490311,0.0235320925712585,0.0291990041732788,-0.9900932429174939,0.19913356933958037,-0.07669606383950239
1731423366.24918,0.0120975077152252,-0.0085707902908325,0.0107951760292053,-0.9886245081543784,0.19698231482639558,-0.08868093847778315
1731423366.34165,-0.0086565539240837,0.009518951177597,-0.0340110063552856,-0.986175259409605,0.19600576959312785,-0.07250926053661173
1731423366.35734,-0.0129963681101799,-0.0134002864360809,-0.0350461006164551,-0.9858894917761336,0.19572334914100728,-0.08132428952283231
1731423366.39957,-0.0103634521365166,0.0283978581428528,-0.0063410401344299,-0.9916473972844317,0.19811018477280237,-0.0786202499530448
1731423366.49196,0.0144922509789467,0.0165119171142578,0.014822244644165,-0.9903125598602679,0.19397055043815561,-0.08518311935487338
1731423366.50649,0.0082123950123786,-0.0531017482280731,0.0811005234718323,-0.9856348966196571,0.19316006838154978,-0.07271627733965187
1731423366.54996,0.0073469094932079,-0.034360259771347,0.0302510261535645,-0.9956533441751847,0.201493534104005,-0.0798459919882358
1731423366.64067,0.0908086895942688,-0.111229598522186,0.0615170001983643,-0.9840958649318075,0.19707946432416362,-0.07253262251220527
1731423366.65729,-0.015262708067894,-0.104118376970291,-0.0642492771148682,-1.0030094247410468,0.19963495596083125,-0.09636458423708452
1731423366.73224,-0.0234305374324322,-0.0144927352666855,-0.0451988577842712,-0.9834815331673707,0.1928850268766148,-0.07557717441512438
1731423366.82037,0.0064090900123119,0.0557158142328262,0.0412530303001404,-1.001454919001732,0.21105332678954872,-0.07406785266696131
1731423366.83636,0.0114339105784893,0.0024400651454925,0.0248019099235535,-0.9771118191824929,0.1901251406370537,-0.09300000202940917
1731423366.87989,-0.0193048194050789,-0.0274488031864166,-0.0086134076118469,-0.9809257908016095,0.1933334441590854,-0.055662126914736036
1731423366.97428,-0.0341859683394432,0.0007175058126449,0.0014899969100952,-0.9895127593091829,0.21353659960656107,-0.06366327916988102
1731423366.99065,0.0021445862948894,0.0515363067388535,-0.0018020868301391,-0.991477943419773,0.1978567072371895,-0.08554785778646772
1731423367.06207,0.0087929032742977,0.0093883574008941,0.0114139914512634,-0.9925066549563928,0.1993686225597527,-0.07068721870871722
1731423367.07799,0.0201592557132244,-0.0057551860809326,0.020899772644043,-0.986457047529797,0.19762331959754834,-0.07765724452978535
1731423367.14876,0.0081798322498798,-0.062171071767807,0.0119698643684387,-0.9899616351916497,0.2027565152255134,-0.06388880126108142
1731423367.15377,0.0155486799776554,-0.0139888674020767,-0.0210686922073364,-0.9904983282427241,0.19360340331032247,-0.07364965226708158
1731423367.24582,0.00375721976161,0.0036000609397888,-0.0132842659950256,-0.9928201892668975,0.19980949600344047,-0.07771407492060775
1731423367.26316,0.0012128800153732,0.0667440444231033,-0.0485919713973999,-0.9939342062131669,0.20044403906834568,-0.07657926576651503
1731423367.30044,0.0181250683963299,-0.0095402300357818,-0.0058916211128234,-0.9880470849312084,0.19772003599914315,-0.0669830741278886
1731423367.39224,0.0186914429068565,0.0257292240858078,0.0069804787635803,-0.9906742143206858,0.19713424699282797,-0.06482684896383376
1731423367.40872,0.0144206434488297,-0.0022352933883667,-0.0043843388557434,-0.9880963606338857,0.19990212452323866,-0.06603602144927696
1731423367.44893,-0.0153324045240879,-0.0220249593257904,0.0124737024307251,-0.9905943786030349,0.20200896574264185,-0.07165722608831204
1731423367.54027,0.0073609948158264,-0.0126293897628784,0.0132155418395996,-0.9870323558810018,0.19979305072700362,-0.07146656067590589
1731423367.5564,0.0011885687708854,0.063292384147644,-0.0303288102149963,-0.9874315866482569,0.19760309220890776,-0.07251982240694221
1731423367.60009,-0.0055557023733854,-0.0255307555198669,0.0516045689582825,-0.9912157133769255,0.20318321976764256,-0.06688830637611683
1731423367.6911,0.013029906898737,0.0059455335140228,0.0247862339019775,-0.9926048486364415,0.19680578189186032,-0.07062601880297002
1731423367.70758,-0.0011680070310831,-0.0150645077228546,0.0521556735038757,-0.9910618055643201,0.19981392070178164,-0.06533526795074793
1731423367.74795,0.0002990923821926,0.0074583292007446,0.0288395881652832,-0.9920121281527217,0.19443108406855072,-0.07869023454779302
1731423367.84187,-0.0007253251969814,0.0075869858264923,0.0244545340538025,-0.9930785418453512,0.20078722665561052,-0.058453436929442805
1731423367.85786,-0.0011427327990531,-0.0225265920162201,0.0214642882347107,-0.9919571866752673,0.19756000576218094,-0.07365018690025786
1731423367.90367,-0.0115193575620651,-0.0070242285728454,0.0204907655715942,-0.990253372713132,0.19708723505247525,-0.06485014607395147
1731423367.99198,-0.0206477381289005,-0.0204091966152191,0.0996537208557129,-0.9918613167910358,0.1998173545690116,-0.07129320984846074
1731423368.00892,0.0237453579902649,0.0856504440307617,-0.0325812697410583,-0.9867674097738918,0.19901347960006963,-0.06437195136478481
1731423368.08153,0.0672148466110229,0.0862447023391724,0.0025316476821899,-0.9928991059739632,0.19861024116797313,-0.0708240062056838
1731423368.17047,0.0436002947390079,-0.0095022916793823,-0.0151338875293732,-0.9944775515463138,0.1998611572825024,-0.06801679915035312
1731423368.18679,0.0101548722013831,0.0444044470787048,-0.0855274200439453,-0.9868613232142932,0.19210510295889824,-0.07253659581304439
1731423368.26162,0.0124494228512049,0.0187209248542786,-0.0947015732526779,-0.9902232778524821,0.20085191250782095,-0.06730061023452648
1731423368.27687,0.0222843810915947,-0.0091093778610229,0.0756669789552689,-0.9876087765198022,0.19846349219151507,-0.07023450391001039
1731423368.35145,0.0289701335132122,0.0196263194084167,-0.0176321864128113,-0.9890397809845698,0.19580767010838918,-0.058882163246776836
1731423368.35686,0.0717222467064857,-0.0002133846282958,0.0371983125805855,-0.9866082535633358,0.1962361380606583,-0.07123922266742856
1731423368.44152,0.0469276160001755,0.0342385172843933,-0.0198365449905396,-0.9929260525445441,0.1950006252638434,-0.06523322524597817
1731423368.45753,0.0683925896883011,0.0348287224769592,0.0455967225134373,-0.996692691424316,0.20144351580876868,-0.07746358642093654
1731423368.53286,0.0416728928685188,0.0449888706207275,-0.0332311987876892,-0.9830660941401825,0.19384409236346462,-0.07943795052569587
1731423368.62052,0.0352371111512184,0.0677576661109924,-0.0203480124473572,-0.9948631727410078,0.20114295602207094,-0.06002597776988208
1731423368.6371,-0.0222441479563713,-0.0186949372291565,0.0129593908786774,-0.9883539621737983,0.1934932640950125,-0.0669036368057415
1731423368.71195,-0.0265693217515945,-0.0685432553291321,-0.003128558397293,-0.9892854838259095,0.19126378076082842,-0.07378081669608189
1731423368.72771,-0.0612513050436974,-0.0045198202133178,-0.0289541482925415,-0.9881499253967204,0.1945714591274315,-0.07274787156239976
1731423368.80242,-0.0395761132240295,0.0109838247299194,-0.0150297880172729,-0.9905510342904189,0.20438239216749798,-0.06232278120153737
1731423368.81714,-0.0441798493266106,-0.0182597637176514,0.0132764577865601,-0.9781870208181135,0.18269987605332794,-0.06844540512697377
1731423368.89082,-0.0442609861493111,-0.0234093070030212,-0.014512836933136,-0.9999067941607572,0.18851882153173982,-0.06876810814686994
1731423368.90687,-0.0318906381726265,0.0069922804832458,-0.0201090276241302,-1.0021496234104188,0.21686612935519806,-0.06108265264489107
1731423368.98053,-0.0073283165693283,-0.0114909410476685,-0.0182925462722778,-0.9867650228067775,0.18813996468318706,-0.05218382221562976
1731423368.99778,0.005219466984272,-0.0092406868934631,0.0014612078666687,-0.9991620821374458,0.2030040693950133,-0.0674369482799714
1731423369.03965,0.005332238972187,0.0074158310890197,-0.0095531940460205,-0.992009621045238,0.19796493712960306,-0.05018227721512559
1731423369.13256,0.0052110329270362,0.0049664378166198,0.0008599162101745,-0.9873105322124706,0.196652904376296,-0.061471299745444435
1731423369.13915,0.0050117969512939,0.0064205527305603,-0.0030350685119628,-0.986700077459027,0.19176985770992155,-0.07370383537968313
1731423369.19098,0.0147912576794624,0.0064884424209594,-0.0081139802932739,-0.9902672136829144,0.1903955714514952,-0.08071654619062876
1731423369.28179,0.0111549943685532,-0.0053520202636718,0.0041291713714599,-0.9993984156094539,0.19247301208978676,-0.07705623882666769
1731423369.29839,0.0013136714696884,0.0051078200340271,0.0096800327301025,-0.9874100145077347,0.1918990506505092,-0.07147110328565831
1731423369.33951,0.0047204345464706,-4.97102737426758e-05,0.0054612755775451,-0.9867693120959414,0.19029094168978752,-0.07308221540325745
1731423369.43193,0.0104379281401634,0.0093870162963867,0.002529501914978,-0.9925917686431807,0.1923125696637491,-0.07911789112774882
1731423369.44839,0.0061889216303825,0.0047972798347473,-0.0063013434410095,-0.9874427274996955,0.19830129173216143,-0.07619332173206644
1731423369.48945,0.0008003562688827,0.0032051801681518,-0.0012459754943847,-0.9897791005630246,0.19738126897234615,-0.06750845403552432
1731423369.6113,-0.0067396834492683,-0.004617691040039,-0.0019783973693847,-0.9904398514251839,0.1938888264825082,-0.06474816285094473
1731423369.62867,-0.0096033364534378,-0.0024040937423706,-0.0013541579246521,-1.00031458049376,0.20161318843039336,-0.08503464862782231
1731423369.70477,-0.0068424865603447,0.0057282447814941,-0.0064587891101837,-0.9920090602233421,0.1886550386849514,-0.08104198563525832
1731423369.71994,-0.0069105178117752,0.0279744863510132,-0.021772027015686,-0.9806265700641548,0.1938420697383567,-0.07726264688349815
1731423369.82125,-0.0177741050720215,0.003040075302124,-0.0423085987567902,-0.991735956816103,0.20514761620354602,-0.06594464444733952
1731423369.83683,-0.0332384631037712,0.0134908556938171,-0.0684558153152466,-0.9855463384351739,0.19988490929160857,-0.06750239320116787
1731423369.91058,-0.0551114305853844,0.0216246843338013,-0.0714678764343262,-0.9881942233772218,0.19434146933283344,-0.07357886824494002
1731423369.9274,-0.0493980944156647,-0.0178724527359009,-0.0938745737075806,-0.9891888287684146,0.2038847496870162,-0.0733661130720354
1731423370.00169,-0.0298827439546585,-0.0167359709739685,-0.107972800731659,-0.9886717672008735,0.1965192907936011,-0.07688128259255496
1731423370.0079,-0.0100088268518448,-0.0424771308898926,-0.0518683195114136,-0.9919237718927545,0.2048141423629908,-0.07117750034412088
1731423370.09573,0.0079938173294067,-0.0233817100524902,0.0266633033752441,-0.9934401523365742,0.20505653718294206,-0.07260991783377012
1731423370.11227,0.0373699069023132,0.018348753452301,0.0372591614723206,-0.9854464945993008,0.20029246468414996,-0.06900462705707847
1731423370.18151,0.0415383726358414,0.011401355266571,0.0952796936035156,-0.9906470392917142,0.19859097477814336,-0.06356488977297826
1731423370.19736,0.0192061811685562,0.0586043000221252,0.0914503931999207,-0.993255854627025,0.2021937385828766,-0.07163849983419542
1731423370.24036,0.0474326089024544,0.0553075671195984,0.120246291160583,-0.9923162787349372,0.1977566918886273,-0.07662941130805889
1731423370.33155,0.0470293015241623,0.0722857117652893,0.0668748021125793,-0.9908587191489486,0.1987265249549796,-0.06876254427722055
1731423370.34801,0.0410285964608192,0.0269256234169006,0.101759076118469,-0.9937506802603665,0.1993072001680315,-0.06512688607491804
1731423370.38934,0.0307660922408104,0.0637244582176208,0.0423004627227783,-0.9914656721082518,0.19876448551516404,-0.0696869595773304
1731423370.45033,0.0289755389094353,0.0138196349143982,0.0745030045509338,-0.9948864770680286,0.1901462448674744,-0.08106313040165623
1731423370.54102,0.0157105401158333,0.0046537518501281,0.0632858276367188,-0.9902831224881129,0.19885966693122106,-0.06931263225327762
1731423370.55701,-0.0138985328376293,0.0078170597553253,-0.0270829796791077,-0.9828191890431722,0.19307672692325065,-0.07355453476228929
1731423370.63084,-0.0218042880296707,0.0097382664680481,-0.0588781833648682,-0.985365230890659,0.18972068596822037,-0.0668657301972419
1731423370.64734,0.0124440304934978,0.0267813801765442,-0.0468815565109253,-0.991011410989314,0.19121819030753953,-0.06749678100479356
1731423370.68965,0.0199438482522964,0.0043552815914154,-0.0328835844993591,-0.9901077015282671,0.19025807878173287,-0.0713899413157013
1731423370.78108,0.0142710283398628,0.0302780866622925,-0.0352152585983276,-0.9925714621501383,0.1933255575084293,-0.07316495431056473
1731423370.79738,0.0152140408754349,0.0262356102466583,-0.006037414073944,-0.9915135436923345,0.19458665520373142,-0.07476075113514472
1731423370.84009,0.0033044889569282,0.0105499029159546,0.0202467441558838,-0.9919726582720526,0.19332071314600327,-0.0724716054825002
1731423370.93202,0.0044586285948753,0.0109178125858307,0.0194926261901855,-0.9914818356968562,0.19170003735532692,-0.07505931177328347
1731423370.94822,-0.001210980117321,-0.0153737366199493,0.020053505897522,-0.9944931766348287,0.1933732407809857,-0.07786969901885413
1731423370.98977,0.0054102391004562,0.019032895565033,0.0417532324790955,-0.9864037136496725,0.18954447407416872,-0.06470115850548341
1731423371.08497,0.0150847733020782,0.0601095259189606,0.0742665529251099,-0.9901065835597317,0.19288217212340272,-0.07595617916415544
1731423371.09122,0.0264261141419411,-0.131787329912186,0.0920208096504211,-0.9895613371954555,0.18846585584511447,-0.06977314936951101
1731423371.14239,-0.0224857404828072,0.0499695241451263,0.0071057081222534,-0.992148996682388,0.18881873726434698,-0.07282255164656838
1731423371.2601,0.022941492497921,0.0051973164081573,-0.0104197263717651,-0.9898781716621465,0.1918830076656203,-0.07414237767735013
1731423371.276,0.0048341155052185,-0.0040893852710723,-0.0025945901870727,-0.996345905469248,0.19140816399198873,-0.07263577055183917
1731423371.35197,0.0304546058177948,0.0392183661460876,-0.0006899237632751,-0.9890864316992142,0.1893779104855575,-0.07325590670655882
1731423371.35768,-0.0112986452877522,0.0199747681617737,-0.0047483444213867,-0.991785594471053,0.1861395144283582,-0.07065146258523802
1731423371.44065,-0.0117914639413357,-0.0383053421974182,-0.0074359774589538,-0.9909401163690604,0.19103833609310522,-0.07110708287131433
1731423371.45645,-0.0249144434928894,0.015549898147583,0.0101249814033508,-0.9938472706364373,0.1903662104810536,-0.07683692100592243
1731423371.5319,-0.0121877081692219,-0.0220263600349426,0.0247821807861328,-0.9929302092939487,0.18682067717734985,-0.07742939349705076
1731423371.54785,0.0171853452920914,0.0298075973987579,0.0269391536712646,-0.9933201927584859,0.18549306645483934,-0.07505250377686047
1731423371.62046,0.0076964385807514,0.0226603746414185,0.0277330875396729,-0.9880223207134493,0.1919944113382558,-0.06838642055624897
1731423371.67651,0.0269066989421844,0.0511431097984314,-0.012962818145752,-0.9901639095416571,0.18868968368200334,-0.07583420375863016
1731423371.74298,0.022477675229311,-0.0217244625091553,0.0203529596328735,-0.9875057723136313,0.18756861117258503,-0.07450574668191894
1731423371.83222,0.0104092806577682,-0.0136657953262329,0.0340985655784607,-0.9937664073573662,0.19005563070810325,-0.07348588886649268
1731423371.89696,-0.0196245461702347,0.0136135816574097,0.0488323569297791,-0.991015834265236,0.1819816930520103,-0.07277497264272978
1731423371.91232,0.0033828131854534,0.0598920583724976,-0.012262225151062,-0.9937286425882886,0.19245590834757229,-0.07220319385409373
1731423371.91499,-0.0072984918951988,-0.0079923868179321,-0.0598746538162231,-0.9886618006691386,0.189965547059375,-0.07351831122880931
1731423371.97935,0.0417865514755249,0.0467109680175781,-0.0390447378158569,-0.9906227661769772,0.18733982193583737,-0.0656590747318672
1731423371.99176,0.0114443078637123,-0.0645917057991028,0.0464653372764587,-0.9901689936434023,0.19141564709170683,-0.06792387890552617
1731423372.03966,0.0070189833641052,-0.0122004151344299,-0.0538350939750671,-0.9916931320074792,0.1852494017458395,-0.07407202727678334
1731423372.10457,0.0093354061245918,-0.0025230050086975,-0.0009980201721191,-0.9941003335792219,0.18916970113433668,-0.0671334875636791
1731423372.19191,0.0171463489532471,0.0309566855430603,-0.0457887053489685,-0.9976959602312534,0.19429696502937113,-0.07306847287020206
1731423372.20783,-0.0119979083538055,0.0179086327552795,-0.0308706760406494,-0.9902065015751113,0.18812152593221712,-0.07541647661673519
1731423372.28232,0.0239299163222313,-0.0010120868682861,-0.0082223415374755,-0.9940095945003388,0.19595433571768373,-0.06669909260831357
1731423372.29858,0.0088382959365844,0.0033746361732482,0.0454337596893311,-0.988952421203263,0.19225286605507846,-0.0699478988607719
1731423372.37303,0.0181693434715271,-0.0045458078384399,-0.0070186853408813,-0.9932277648023067,0.18888661941520826,-0.06561120745418865
1731423372.46088,0.0371068790555,0.010205864906311,-0.0012441277503967,-0.9868140846319471,0.19214738419991098,-0.06901411970032868
1731423372.47733,0.0442093536257744,0.0155909061431885,-0.0257896780967712,-0.9881110229349673,0.17872115553970838,-0.07636666601622263
1731423372.55651,0.0641751885414124,0.0389977693557739,-0.0263789892196655,-0.9898164173165925,0.18400390725714075,-0.062105702403620094
1731423372.57262,0.0526438355445862,0.0112533569335938,0.003863513469696,-1.0028818579278738,0.19332825853736085,-0.0605018434705348
1731423372.64228,0.0244194120168686,-0.0619451999664307,0.0244641304016113,-0.9914158447384605,0.19551810105165138,-0.051290988101519316
1731423372.65699,0.0377223938703537,-0.0698785185813904,0.0305293798446655,-0.9910499623832122,0.18496446479756967,-0.05402973658356267
1731423372.73103,0.0154707133769989,0.0262777805328369,0.013337254524231,-1.0025618040392046,0.19148581292410072,-0.07632403336056084
1731423372.74776,-0.0090279430150985,-0.04509437084198,0.0112565159797668,-0.996159666575563,0.19561422176470053,-0.05793356027733412
1731423372.78924,-0.0129309743642807,0.0319610238075256,-0.0109548568725586,-0.9888391353197941,0.182666505768451,-0.06740029736470937
1731423372.85062,-0.0264348685741425,0.023134171962738,0.0029460787773132,-0.9868531542872117,0.18797253463682062,-0.08061935573144821
1731423372.91331,-0.0254404991865158,-0.007586121559143,0.0061189532279968,-0.992809264727149,0.1947247787808219,-0.081602185794838
1731423372.97588,-0.0176978409290314,0.0206708312034607,0.0003659129142761,-0.9866878189735241,0.18812105361349207,-0.08461973779294349
1731423372.99126,-0.0107898265123367,-0.0315327048301697,0.0066574215888977,-0.9913696582407115,0.19516298954079261,-0.08097645200027052
1731423373.02855,-0.0273617953062057,0.0417537093162537,-0.0523025989532471,-0.9871495149819035,0.1869526611145369,-0.07407349972450204
1731423373.09184,-0.0056232511997222,-4.90546226501465e-05,-0.042608380317688,-0.9895742760925574,0.1931198779903379,-0.0802919154011661
1731423373.18138,-0.0002600997686386,0.0078713297843933,-0.023842453956604,-0.9872693007620496,0.19133259935980618,-0.07806765358135094
1731423373.1983,-0.0092868208885192,-0.0544514656066895,-0.0067655444145202,-0.9877919710509954,0.19291101619726908,-0.07909664817217768
1731423373.24161,-0.011897012591362,-0.0127471685409546,-0.0053400993347168,-0.9882167621277892,0.19652175872683206,-0.08027030992059801
1731423373.33126,0.0110004097223282,0.0038978457450866,0.0045649409294128,-0.9904813647404414,0.19616433316946624,-0.073643985114214
1731423373.34763,0.0202551782131195,0.0061343312263488,-0.0095568299293518,-0.987348549941371,0.19488133837714777,-0.0800475926773202
1731423373.4239,0.005926638841629,0.0041845440864563,-0.010061502456665,-0.9922317718385553,0.19560870719599516,-0.07554471994179311
1731423373.51361,-0.0010661929845809,-0.0140135884284973,-0.0144222974777222,-0.9857784166149819,0.19464655720539054,-0.07697566934060206
1731423373.52986,-0.00596684217453,0.0009247660636901,-0.0215772986412048,-0.9932918462023803,0.19646050319015612,-0.07231990175014213
1731423373.60424,0.0018074363470077,0.0043486952781677,-0.0135807394981384,-0.9917899796802352,0.1909756845012809,-0.07688817365992558
1731423373.61906,0.0106951296329498,-0.001865804195404,-0.0053291320800781,-0.9919327648833475,0.19539125183940895,-0.07233531674210272
1731423373.72333,0.0121165812015533,-0.0013303160667419,0.0110388398170471,-0.9906557094321404,0.18948782590988522,-0.07569208530129597
1731423373.7383,0.0124498903751373,0.0124788284301758,0.0267296433448792,-0.9891416345875892,0.19619558075490826,-0.06774060917001017
1731423373.81277,0.0148803144693375,-0.0056376457214355,0.0360780954360962,-0.9895231489662054,0.19407307211602373,-0.07024406734904058
1731423373.82836,0.0167812258005142,0.0065779089927673,0.0259084701538086,-0.9915527096348229,0.19448285606104967,-0.06755487088879573
1731423373.90267,0.0219153314828873,0.0107590556144714,0.0123541355133057,-0.9889795496433474,0.1995418507225772,-0.06863715094004645
1731423373.91851,0.0159421861171722,0.0149697661399841,-0.0139737129211426,-0.9909239554258024,0.19285214053610308,-0.0689406057558817
1731423373.99245,-0.003720223903656,-0.0215880870819092,-0.0280284881591797,-0.9908241229425347,0.20369924515268467,-0.05719212279572182
1731423374.00747,-0.0240005552768707,-0.0488654971122742,-0.0553657412528992,-0.9905948357310488,0.20017464985878627,-0.06001690195793708
1731423374.1127,-0.0207461416721344,0.0031874775886535,-0.109032392501831,-0.9940320260905124,0.20042380129270707,-0.06615684539983774
1731423374.12806,-0.0567539185285568,-0.0832319259643555,-0.0914793610572815,-0.9949195860616146,0.20057169344191392,-0.06706960830938748
1731423374.20147,-0.0361653715372086,-0.029140293598175,-0.0936950445175171,-0.9922220552702263,0.1941030466261455,-0.07876874382251454
1731423374.20765,-0.0474486500024796,-0.0685274004936218,-0.0383602380752563,-0.9877659731790124,0.20162480391812831,-0.06306719257502282
1731423374.29335,-0.013668105006218,0.006919264793396,-0.0259160399436951,-0.9931573968997442,0.1957577359282814,-0.06633152886726741
1731423374.30855,0.0158367902040482,0.0678300261497498,0.0485960245132446,-0.9925185905023436,0.1963138778566247,-0.06076670037083974
1731423374.38243,0.0222396478056908,0.0981866121292114,0.0694836378097534,-0.9923762303080669,0.1912891724449392,-0.07151496471453557
1731423374.39892,0.0448872670531273,0.103590786457062,0.049096405506134,-0.9891027896958463,0.19449210167484574,-0.0684257424487084
1731423374.44106,0.0558179095387459,0.0696978271007538,0.0849431157112122,-0.9953453355473537,0.188053199476587,-0.06548194970846408
1731423374.53173,0.056734561920166,0.0562946498394012,0.0712505578994751,-0.9859022125986304,0.1914293649157776,-0.060808926271335884
1731423374.54644,0.041023962199688,0.0636688470840454,0.0979584455490112,-0.9888669654340941,0.19111897302334907,-0.0645393815837214
1731423374.58931,0.024226188659668,0.0401024222373962,0.0795220732688904,-0.9881682732348349,0.18535136322570725,-0.06509674803199922
1731423374.68175,0.0174125209450722,0.0415733456611633,0.0405398607254028,-0.9951574254669983,0.1915289723108607,-0.06515488819125208
1731423374.69675,0.0004441067576408,0.0052818357944488,0.0194979310035706,-0.9913727549840956,0.18992110640602328,-0.06792842919036052
1731423374.74012,-0.0030372887849807,-0.0045573115348815,-0.0021744966506958,-0.9907258524774711,0.18429639369405443,-0.06970007339301311
1731423374.86046,0.0005025416612625,-0.0131653249263763,0.0047683119773864,-0.9926633051724413,0.1901652524467931,-0.06188874657363171
1731423374.87487,-0.0013451874256134,0.0409115254878998,-0.024414598941803,-0.9931533886795958,0.184757338757412,-0.07047671839602533
1731423374.9501,-0.0064423978328704,0.0065022110939025,-0.023651123046875,-0.992128756645888,0.1861520376985232,-0.06954812518271695
1731423374.96612,0.0106750950217247,0.0203082263469696,0.0135682225227356,-0.9936210996202461,0.1881153387766374,-0.07030811552847265
1731423375.04198,0.0222652927041054,0.006622701883316,0.0338371992111206,-0.9911148177488858,0.18888330440828727,-0.056537315457429675
1731423375.05695,0.0170815363526344,0.000335693359375,0.0191740989685059,-0.992449120355154,0.18811589585174676,-0.06831187657194711
1731423375.13622,0.003329150378704,-0.0796623528003693,0.0441724061965942,-0.9884584674753921,0.18745471651634737,-0.0663375433844885
1731423375.14182,-0.0115527585148811,-0.0185797512531281,0.0254852175712585,-0.9930454532805527,0.19104182229907055,-0.06258618836750077
1731423375.18828,0.0023281574249267,-0.0097922384738922,0.0424792766571045,-0.9913713159938353,0.188910697811925,-0.07107125680961661
1731423375.2816,0.0401474982500076,0.0287405252456665,0.0569964051246643,-0.9936669830058671,0.18538443011193553,-0.07296172788136275
1731423375.29291,0.0237142220139503,0.0460847318172455,-0.0279452204704285,-0.9881238163872805,0.1837769613784787,-0.05905862002744401
1731423375.34132,0.0212019011378288,0.0115411877632141,-0.0222731232643127,-0.9929337882744831,0.18670107511172365,-0.0598075042568615
1731423375.43175,-0.0053043588995933,0.0988585352897644,-0.0651177763938904,-0.993314218861134,0.19333067596090617,-0.07148010663204994
1731423375.44708,-0.006458431482315,0.0232721567153931,0.0459702610969543,-0.9863730434789222,0.17913691259512302,-0.07397202156439177
1731423375.49039,0.0299879312515259,0.0381303429603577,0.0851264595985413,-0.9900652183318717,0.18601290215997793,-0.06394965763223241
1731423375.5826,-0.0131530612707138,0.115140676498413,0.0539584755897522,-0.985465592973209,0.17964883874137053,-0.060831956664583686
1731423375.59863,0.0265504270792007,0.0273331999778748,0.0528952479362488,-0.9974314655237132,0.18548227123613623,-0.06417254608222361
1731423375.64166,0.0657524913549423,0.020091712474823,-0.0054413080215454,-0.9960909849236573,0.1866571725583544,-0.05731576758496403
1731423375.73006,0.0793340802192688,-0.025838315486908,0.0305342972278595,-0.9891221581158491,0.18478581109518832,-0.05561614362689269
1731423375.74621,0.047608494758606,-0.0522139072418213,-0.0677906572818756,-0.9997440447822012,0.18733446821393002,-0.0658830525610488
1731423375.79181,0.0761904716491699,0.0347104668617249,-0.0586887001991272,-0.9932810355851649,0.18698299733254234,-0.054010975878417175
1731423375.8813,0.0700714439153671,-0.0001747012138366,-0.0503921955823898,-0.9936905308864724,0.18817730454346665,-0.07337411501434403
1731423375.8965,0.0024705976247787,0.0588619112968445,-0.0314720720052719,-0.9881877381589472,0.1848736970015159,-0.06483870165892182
1731423375.93944,0.0031853914260864,0.0404567122459412,-0.0507366955280304,-0.9956323689993997,0.1898583576047247,-0.07378270765634114
1731423376.03125,-0.0114489942789078,-0.0329485535621643,-0.0062657594680786,-0.9876631943828563,0.19009332239209503,-0.07036537037562221
1731423376.0461,-0.0481819212436676,-0.0521068572998047,-0.039592444896698,-0.9971768495295882,0.19137401239877502,-0.07542691600056031
1731423376.09029,-0.0289872139692307,0.0248026251792908,-0.0224188566207886,-0.9902126564983255,0.19017132245480756,-0.07363260293494096
1731423376.21163,-0.0431986898183823,-0.0115026831626892,-0.0308539867401123,-0.9894453146723791,0.18586489437419237,-0.06688485855161871
1731423376.22663,-0.0321545153856277,-0.0019364356994628,-0.0137467980384827,-0.9875266081700673,0.19158320647159863,-0.07294482056895783
1731423376.30336,-0.038315549492836,-0.0291705727577209,0.032114565372467,-0.99488472612974,0.19302051587811872,-0.06955047952516275
1731423376.30982,-0.0323953777551651,0.0139961242675781,0.0213550329208374,-0.9829630451628252,0.18889549652877194,-0.06963164708492048
1731423376.39207,-0.0105361416935921,-0.0444038510322571,-0.0679137706756592,-1.0009765107812303,0.19283363432286782,-0.07215665203147813
1731423376.40728,0.0198478996753693,0.0164629220962524,-0.0262795090675354,-0.9942419841483584,0.1964577788626137,-0.05758051614799936
1731423376.48262,0.0281089022755623,0.0060701370239257,0.0077786445617675,-1.0219977236174254,0.2110546120091782,-0.04603260582514244
1731423376.49838,0.0153174847364426,-0.0099955797195434,0.0169497728347778,-1.0052194883672523,0.2115551226302206,-0.06598769876980609
1731423376.53897,0.0140649154782295,0.012678861618042,-0.0002487897872924,-1.009247220825935,0.20753912376628672,-0.04337458523468849
1731423376.63114,0.0125726014375687,-0.0027602314949035,-0.0050896406173706,-1.0250368122935032,0.22593591619120904,0.0020775813703804453
1731423376.64756,0.0076905414462089,0.0057523250579834,-0.0065031647682189,-0.9989524111028755,0.2741702845741168,0.0457585043004505
1731423376.69056,0.0064089000225067,-0.0055678486824035,-0.0070866346359252,-0.9747193312490517,0.2734852858722131,0.021760949741285417
1731423376.78251,0.0015824139118194,-0.0022127628326416,-0.0053784847259521,-0.937152029922505,0.2790588804476474,-0.041159031893029184
1731423376.79754,0.0059281066060066,-0.0031225681304931,-0.0058053731918335,-0.8903236164608368,0.2724232892475352,-0.09982058086498795
1731423376.84168,0.0109288245439529,0.0042701363563537,-0.0022394061088562,-0.9677355910044697,0.2378521237706537,-0.22562380390189773
1731423376.90474,0.0080808401107788,-0.0028966069221496,-9.22679901123047e-05,-0.9290686537893177,0.2328334880189551,-0.25872053107734544
1731423376.96191,-0.0001386404037475,-0.0424332022666931,0.0168415307998657,-1.0117544053128327,0.1892512636578317,-0.42794118976450146
1731423377.0225,0.0174544006586075,0.0364587903022766,-0.0008280873298645,-0.7871891004662595,0.18760921009250925,-0.41180546487949227
1731423377.11217,0.0191725939512253,0.0130427479743958,0.0272167921066284,-0.8102754683098752,0.1416053040336483,-0.5196797395173832
1731423377.12845,0.0296070873737335,0.0348340272903442,-0.0478065609931946,-0.8303794040515894,0.2226092214979525,-0.5979392610209276
1731423377.20124,0.0277893543243408,-0.025752067565918,-0.0229425430297852,-0.7477489478530075,0.14734147143091048,-0.6324175343698468
